name,ra,dec
1875788602521184256,50.141522,41.221872
1875780631061882880,50.407537,41.357786
1874668749676636160,49.979928,41.172643
1875794374957230080,49.979895,41.172622
1875898553683961856,50.106903,42.070372
1875877662963034112,49.55457,41.802521
1874673972356868096,49.61521,41.321313
1874758359874299904,49.686741,41.51144
1875886459056056320,49.686705,41.511441
